ts,id,status,url,bucket,out_path,reason,http_status
2025-09-11T05:03:54.491627+00:00,18xrgaq,success,https://www.reddit.com/r/u_AellaGirl/comments/18xrgaq/the_marketplace_of_sex_acts_what_women_want_vs,media,out\media\18xrgaq.json,,
2025-09-11T05:03:55.250175+00:00,1i43afx,success,https://www.reddit.com/r/HentaiBullying/comments/1i43afx/being_bullied_for_a_small_dick_should_be,media,out\media\1i43afx.json,,
2025-09-11T05:03:55.772588+00:00,1jhglir,success,https://www.reddit.com/r/cumsluts/comments/1jhglir/swallowed,external,out\external\1jhglir.json,,
2025-09-11T05:03:56.448047+00:00,1ij6e3j,success,https://www.reddit.com/r/FemaleInferiorityCap/comments/1ij6e3j/generation_free_use,external,out\external\1ij6e3j.json,,
2025-09-11T05:03:58.490767+00:00,1jk9ar5,success,https://www.reddit.com/r/cumsluts/comments/1jk9ar5/the_rules_on_cheating,external,out\external\1jk9ar5.json,,
2025-09-11T05:03:59.066532+00:00,1893to5,success,https://www.reddit.com/r/FuckingFascists/comments/1893to5/fascist_indoctrination_through_subtle_propaganda,media,out\media\1893to5.json,,
2025-09-11T05:04:00.112471+00:00,189dr3v,success,https://www.reddit.com/r/FuckingFascists/comments/189dr3v/im_always_looking_for_messages_from_articulate,media,out\media\189dr3v.json,,
2025-09-11T05:04:00.651749+00:00,1mj2d72,success,https://www.reddit.com/r/SluttyConfessions/comments/1mj2d72/i_took_my_first_creampie_3_weeks_after_my_18th,text,out\text\1mj2d72.json,,
2025-09-11T05:04:01.575603+00:00,1m9h8xb,success,https://www.reddit.com/r/SluttyConfessions/comments/1m9h8xb/her_friends_are_a_little_too_comfortable,text,out\text\1m9h8xb.json,,
2025-09-11T05:04:02.596396+00:00,1edq0rr,success,https://www.reddit.com/r/gonewildaudio/comments/1edq0rr/f4m_realizing_how_fun_it_is_to_push_your_gf_until,text,out\text\1edq0rr.json,,
2025-09-11T05:04:03.825655+00:00,1lznjgk,success,https://www.reddit.com/r/SluttyConfessions/comments/1lznjgk/friends_daughter_f18,text,out\text\1lznjgk.json,,
2025-09-11T05:04:04.348690+00:00,1lyk291,success,https://www.reddit.com/r/SluttyConfessions/comments/1lyk291/f39_i_rent_an_apartment_to_a_group_of_boys_and_im,text,out\text\1lyk291.json,,
2025-09-11T05:04:04.835173+00:00,1lvbo9o,success,https://www.reddit.com/r/SluttyConfessions/comments/1lvbo9o/18f_got_assfucked_by_my_bestfriends_while_high,text,out\text\1lvbo9o.json,,
2025-09-11T05:04:05.398789+00:00,1kikplc,success,https://www.reddit.com/r/NSFWIAMA/comments/1kikplc/i_39m_am_a_digital_forensic_analyst_who_has_seen,text,out\text\1kikplc.json,,
2025-09-11T05:04:06.157241+00:00,lug6u5,success,https://www.reddit.com/r/gonewildaudio/comments/lug6u5/f4a_watch_me_voyeurism_masturbation_undress_for,text,out\text\lug6u5.json,,
2025-09-11T05:04:06.751738+00:00,,failed,https://www.reddit.com/r/Rapekink/comments/1kg1uki/whats_the_deal_with_anal,,,403 Client Error: Forbidden for url: https://www.reddit.com/r/Rapekink/comments/1kg1uki/whats_the_deal_with_anal/.json,403
2025-09-11T05:04:07.151256+00:00,1kepmea,success,https://www.reddit.com/r/dirtypenpals/comments/1kepmea/f4m_the_sex_offender_registry_makes_for_a,text,out\text\1kepmea.json,,
2025-09-11T05:04:07.578195+00:00,1h2lfbh,success,https://www.reddit.com/r/Tentai/comments/1h2lfbh/pussy_cat_non_oc,media,out\media\1h2lfbh.json,,
2025-09-11T05:04:08.224712+00:00,1dw4qtq,success,https://www.reddit.com/r/gonewildaudio/comments/1dw4qtq/f4a_f4m_encouraging_joi_fapalong_response,text,out\text\1dw4qtq.json,,
2025-09-11T05:04:08.711081+00:00,nnnze0,success,https://www.reddit.com/r/gonewildaudio/comments/nnnze0/f4m_stroke_your_cock_and_ill_make_you_cum_joi,text,out\text\nnnze0.json,,
2025-09-11T05:04:09.517834+00:00,zatf94,success,https://www.reddit.com/r/gonewildaudio/comments/zatf94/fffffffffffffffff4m_the_yearbook_pick_your_uni,text,out\text\zatf94.json,,
2025-09-11T05:04:11.822409+00:00,lerwpo,success,https://www.reddit.com/r/TheyCallMeMissBlue/comments/lerwpo/f4m_party_slut_to_the_rescue_slut_next_doornoise,text,out\text\lerwpo.json,,
2025-09-11T05:04:12.389292+00:00,1ejofhk,success,https://www.reddit.com/r/EdgeTogether/comments/1ejofhk/28f_follow_my_joiif_you_survive_this_one_idk_what,text,out\text\1ejofhk.json,,
2025-09-11T05:04:13.090436+00:00,vltmla,success,https://www.reddit.com/r/gonewildaudio/comments/vltmla/f4m_instructing_you_to_jerk_off_to_a_girls,text,out\text\vltmla.json,,
2025-09-11T05:04:13.826145+00:00,js4v6m,success,https://www.reddit.com/r/AskRedditAfterDark/comments/js4v6m/how_can_i_deep_throat_a_member_that_is_unusually,text,out\text\js4v6m.json,,
2025-09-11T05:04:14.311246+00:00,1j6f7ft,success,https://www.reddit.com/r/sexstories/comments/1j6f7ft/cum_competition_fffmmm,text,out\text\1j6f7ft.json,,
2025-09-11T05:04:14.786532+00:00,,failed,https://www.reddit.com/r/Rapekink/comments/1j4w59d/city_rape_bait_hijinks,,,403 Client Error: Forbidden for url: https://www.reddit.com/r/Rapekink/comments/1j4w59d/city_rape_bait_hijinks/.json,403
2025-09-11T05:04:15.211179+00:00,,failed,https://www.reddit.com/r/Rapekink/comments/1ir6m9d/raped_by_every_single_male_friend_of_mine,,,403 Client Error: Forbidden for url: https://www.reddit.com/r/Rapekink/comments/1ir6m9d/raped_by_every_single_male_friend_of_mine/.json,403
2025-09-11T05:04:15.615683+00:00,,failed,https://www.reddit.com/r/Rapekink/comments/1ib4y8d/my_online_dom_hypnod_me_into_servitude_and_i,,,403 Client Error: Forbidden for url: https://www.reddit.com/r/Rapekink/comments/1ib4y8d/my_online_dom_hypnod_me_into_servitude_and_i/.json,403
2025-09-11T05:04:16.013703+00:00,1sye7m,success,https://www.reddit.com/r/AskReddit/comments/1sye7m/people_who_have_joined_the_mile_high_club_how_did,text,out\text\1sye7m.json,,
2025-09-11T05:04:17.908676+00:00,b11bh,success,https://www.reddit.com/r/sex/comments/b11bh/so_how_many_men_can_do_the_multiejaculation_thing,text,out\text\b11bh.json,,
